{
  "display": {
    "background": "minecraft:textures/block/stone.png",
    "icon": {
      "item": "bismuth:bismuth_bronze"
    },
    "title": {
      "translate": "advancements.bronze_age.title"
    },
    "description": {
      "translate": "advancements.bronze_age.descr"
    },
    "frame": "task",
    "show_toast": true,
    "announce_to_chat": true,
    "hidden": false
  },
  "criteria": {
    "bronze_age": {
      "trigger": "minecraft:inventory_changed",
      "conditions": {
        "items": [
          {
            "items": [
              "bismuth:bismuth_bronze"
            ],
            "count": {
              "min": 1,
              "max": 1
            }
          }
        ]
      }
    }
  },
  "rewards": {
    "experience": 100,
    "recipes": [
      "bismuth:deleted_mod_element",
      "bismuth:pick_axe_bismuth",
      "bismuth:axe_bismuth",
      "bismuth:shovel_bismuth",
      "bismuth:sword_bismuth",
      "bismuth:hoe_bismuth",
      "bismuth:shears_bismuth",
      "bismuth:bismuth_chest_recipe",
      "bismuth:bismuth_bronze_leggings",
      "bismuth:bismuth_bronze_helmet",
      "bismuth:bismuth_bronze_boots"
    ]
  }
}