{
  "has_precipitation": true,
  "temperature": 0.5,
  "downfall": 0.5,
  "effects": {
    "foliage_color": -16724788,
    "grass_color": -10027111,
    "sky_color": -16724737,
    "fog_color": -16724737,
    "water_color": 4159204,
    "water_fog_color": 329011
  },
  "spawners": {
    "monster": [],
    "creature": [
      {
        "type": "allay",
        "weight": 1,
        "minCount": 1,
        "maxCount": 2
      },
      {
        "type": "bee",
        "weight": 4,
        "minCount": 1,
        "maxCount": 3
      },
      {
        "type": "chicken",
        "weight": 10,
        "minCount": 1,
        "maxCount": 4
      },
      {
        "type": "cow",
        "weight": 10,
        "minCount": 1,
        "maxCount": 4
      },
      {
        "type": "horse",
        "weight": 5,
        "minCount": 1,
        "maxCount": 2
      },
      {
        "type": "iron_golem",
        "weight": 2,
        "minCount": 1,
        "maxCount": 1
      },
      {
        "type": "pig",
        "weight": 10,
        "minCount": 1,
        "maxCount": 4
      },
      {
        "type": "sheep",
        "weight": 10,
        "minCount": 1,
        "maxCount": 4
      }
    ],
    "ambient": [],
    "axolotls": [],
    "underground_water_creature": [
      {
        "type": "glow_squid",
        "weight": 3,
        "minCount": 1,
        "maxCount": 2
      }
    ],
    "water_creature": [],
    "water_ambient": [],
    "misc": []
  },
  "spawn_costs": {},
  "carvers": {
    "air": [
      "minecraft:cave",
      "minecraft:cave_extra_underground",
      "minecraft:canyon"
    ]
  },
  "features": [
    [],
    [
      "minecraft:lake_lava_underground"
    ],
    [],
    [],
    [],
    [],
    [
      "minecraft:ore_coal_upper",
      "minecraft:ore_coal_lower",
      "minecraft:ore_iron_upper",
      "minecraft:ore_iron_middle",
      "minecraft:ore_iron_small",
      "minecraft:ore_gold",
      "minecraft:ore_gold_lower",
      "minecraft:ore_redstone",
      "minecraft:ore_redstone_lower",
      "minecraft:ore_diamond",
      "minecraft:ore_diamond_large",
      "minecraft:ore_diamond_buried",
      "minecraft:ore_lapis",
      "minecraft:ore_lapis_buried",
      "minecraft:ore_copper",
      "minecraft:underwater_magma"
    ],
    [],
    [],
    [
      "bismuth:bismuth_hollow_tree"
    ],
    [
      "minecraft:freeze_top_layer"
    ]
  ]
}