{
  "_fv": 57,
  "_type": "recipe",
  "definition": {
    "recipeType": "Crafting",
    "recipeRetstackSize": 1,
    "group": "",
    "cookingBookCategory": "MISC",
    "xpReward": 0.0,
    "cookingTime": 200,
    "craftingBookCategory": "MISC",
    "recipeShapeless": false,
    "recipeSlots": [
      {
        "value": "Blocks.STONE#0"
      },
      {
        "value": "Blocks.STONE#0"
      },
      {
        "value": "Blocks.STONE#0"
      },
      {
        "value": "Blocks.STONE#0"
      },
      {
        "value": "Blocks.BLAST_FURNACE"
      },
      {
        "value": "Blocks.STONE#0"
      },
      {
        "value": "Blocks.STONE#0"
      },
      {
        "value": "Blocks.STONE#0"
      },
      {
        "value": "Blocks.STONE#0"
      }
    ],
    "recipeReturnStack": {
      "value": "CUSTOM:AlloyFurnaceBlock"
    },
    "name": "alloy_furnace_block_recipe",
    "namespace": "mod"
  }
}