{
  "_fv": 57,
  "_type": "biome",
  "definition": {
    "name": "Bismuth Hollow",
    "groundBlock": {
      "value": "Blocks.GRASS"
    },
    "undergroundBlock": {
      "value": "Blocks.STONE#0"
    },
    "underwaterBlock": {
      "value": "Blocks.SAND#0"
    },
    "airColor": {
      "value": -16724737,
      "falpha": 0.0
    },
    "grassColor": {
      "value": -10027111,
      "falpha": 0.0
    },
    "foliageColor": {
      "value": -16724788,
      "falpha": 0.0
    },
    "ambientSound": {
      "value": ""
    },
    "additionsSound": {
      "value": ""
    },
    "music": {
      "value": ""
    },
    "moodSound": {
      "value": ""
    },
    "moodSoundDelay": 6000,
    "spawnParticles": false,
    "particleToSpawn": {
      "value": "EXPLOSION_NORMAL"
    },
    "particlesProbability": 0.5,
    "rainingPossibility": 0.5,
    "temperature": 0.5,
    "spawnBiome": false,
    "spawnInCaves": false,
    "spawnBiomeNether": false,
    "genTemperature": {
      "min": -1.0,
      "max": 1.0
    },
    "genHumidity": {
      "min": -1.0,
      "max": 1.0
    },
    "genContinentalness": {
      "min": -1.0,
      "max": 1.0
    },
    "genErosion": {
      "min": -1.0,
      "max": 1.0
    },
    "genWeirdness": {
      "min": -1.0,
      "max": 1.0
    },
    "treesPerChunk": 4,
    "vanillaTreeType": "Default",
    "treeType": 0,
    "minHeight": 7,
    "treeStem": {
      "value": ""
    },
    "treeBranch": {
      "value": ""
    },
    "treeVines": {
      "value": ""
    },
    "treeFruits": {
      "value": ""
    },
    "defaultFeatures": [
      "Caves",
      "Ores",
      "FrozenTopLayer"
    ],
    "spawnStronghold": false,
    "spawnMineshaft": true,
    "spawnMineshaftMesa": false,
    "spawnPillagerOutpost": false,
    "villageType": "taiga",
    "spawnWoodlandMansion": false,
    "spawnJungleTemple": false,
    "spawnDesertPyramid": true,
    "spawnSwampHut": false,
    "spawnIgloo": false,
    "spawnOceanMonument": false,
    "spawnShipwreck": true,
    "spawnShipwreckBeached": true,
    "spawnBuriedTreasure": true,
    "oceanRuinType": "NONE",
    "spawnNetherBridge": false,
    "spawnNetherFossil": false,
    "spawnBastionRemnant": false,
    "spawnEndCity": false,
    "spawnRuinedPortal": "DESERT",
    "spawnEntries": [
      {
        "entity": {
          "value": "EntityAllay"
        },
        "minGroup": 1,
        "maxGroup": 2,
        "weight": 1,
        "spawnType": "creature"
      },
      {
        "entity": {
          "value": "EntityBee"
        },
        "minGroup": 1,
        "maxGroup": 3,
        "weight": 4,
        "spawnType": "creature"
      },
      {
        "entity": {
          "value": "EntityChicken"
        },
        "minGroup": 1,
        "maxGroup": 4,
        "weight": 10,
        "spawnType": "creature"
      },
      {
        "entity": {
          "value": "EntityCow"
        },
        "minGroup": 1,
        "maxGroup": 4,
        "weight": 10,
        "spawnType": "creature"
      },
      {
        "entity": {
          "value": "EntityGlowSquid"
        },
        "minGroup": 1,
        "maxGroup": 2,
        "weight": 3,
        "spawnType": "undergroundWaterCreature"
      },
      {
        "entity": {
          "value": "EntityHorse"
        },
        "minGroup": 1,
        "maxGroup": 2,
        "weight": 5,
        "spawnType": "creature"
      },
      {
        "entity": {
          "value": "EntityIronGolem"
        },
        "minGroup": 1,
        "maxGroup": 1,
        "weight": 2,
        "spawnType": "creature"
      },
      {
        "entity": {
          "value": "EntityPig"
        },
        "minGroup": 1,
        "maxGroup": 4,
        "weight": 10,
        "spawnType": "creature"
      },
      {
        "entity": {
          "value": "EntitySheep"
        },
        "minGroup": 1,
        "maxGroup": 4,
        "weight": 10,
        "spawnType": "creature"
      }
    ]
  }
}