{
  "_fv": 57,
  "_type": "structure",
  "definition": {
    "structure": "bismuth_vein_seven",
    "projection": "rigid",
    "ignoredBlocks": [
      {
        "value": "Blocks.STRUCTURE_BLOCK"
      },
      {
        "value": "Blocks.AIR"
      }
    ],
    "spacing": 8,
    "separation": 4,
    "restrictionBiomes": [
      {
        "value": "CUSTOM:BismuthHollow"
      }
    ],
    "surfaceDetectionType": "WORLD_SURFACE_WG",
    "terrainAdaptation": "bury",
    "generationStep": "UNDERGROUND_ORES"
  }
}