{
  "_fv": 57,
  "_type": "tool",
  "definition": {
    "toolType": "Shears",
    "renderType": 0,
    "blockingRenderType": 0,
    "texture": "bismuthshears",
    "customModelName": "Normal",
    "blockingModelName": "Normal blocking",
    "name": "Bismuth Shears",
    "specialInformation": {
      "fixedValue": []
    },
    "creativeTab": {
      "value": "TOOLS"
    },
    "harvestLevel": 1,
    "efficiency": 4.0,
    "attackSpeed": 1.0,
    "enchantability": 22,
    "damageVsEntity": 4.0,
    "usageCount": 500,
    "blocksAffected": [],
    "repairItems": [],
    "immuneToFire": true,
    "stayInGridWhenCrafting": false,
    "damageOnCrafting": false
  }
}