{
  "_fv": 57,
  "_type": "tool",
  "definition": {
    "toolType": "Axe",
    "renderType": 0,
    "blockingRenderType": 0,
    "texture": "bismuthaxe",
    "customModelName": "Normal",
    "blockingModelName": "Normal blocking",
    "name": "Bismuth Axe",
    "specialInformation": {
      "fixedValue": []
    },
    "creativeTab": {
      "value": "TOOLS"
    },
    "harvestLevel": 4,
    "efficiency": 12.0,
    "attackSpeed": 1.7000000000000002,
    "enchantability": 2,
    "damageVsEntity": 10.0,
    "usageCount": 500,
    "blocksAffected": [],
    "repairItems": [
      {
        "value": "CUSTOM:BismuthBronze"
      }
    ],
    "immuneToFire": true,
    "stayInGridWhenCrafting": false,
    "damageOnCrafting": false
  }
}