{
  "_fv": 57,
  "_type": "armor",
  "definition": {
    "enableHelmet": true,
    "textureHelmet": "bismutharmor_head",
    "enableBody": true,
    "textureBody": "bismutharmor_body",
    "enableLeggings": true,
    "textureLeggings": "bismutharmor_leggings",
    "enableBoots": true,
    "textureBoots": "bismutharmor_boots",
    "creativeTab": {
      "value": "COMBAT"
    },
    "armorTextureFile": "bismutharmor",
    "helmetName": "Bismuth Bronze Armor Helmet",
    "bodyName": "Bismuth Bronze Armor Body",
    "leggingsName": "Bismuth Bronze Armor Leggings",
    "bootsName": "Bismuth Bronze Armor Boots",
    "helmetSpecialInformation": {
      "fixedValue": []
    },
    "bodySpecialInformation": {
      "fixedValue": []
    },
    "leggingsSpecialInformation": {
      "fixedValue": []
    },
    "bootsSpecialInformation": {
      "fixedValue": []
    },
    "helmetModelName": "Default",
    "helmetModelPart": "Helmet",
    "helmetModelTexture": "From armor",
    "bodyModelName": "Default",
    "bodyModelPart": "Body",
    "armsModelPartL": "Arms L",
    "armsModelPartR": "Arms R",
    "bodyModelTexture": "From armor",
    "leggingsModelName": "Default",
    "leggingsModelPartL": "Leggings L",
    "leggingsModelPartR": "Leggings R",
    "leggingsModelTexture": "From armor",
    "bootsModelName": "Default",
    "bootsModelPartL": "Boots L",
    "bootsModelPartR": "Boots R",
    "bootsModelTexture": "From armor",
    "helmetItemRenderType": 0,
    "helmetItemCustomModelName": "Normal",
    "bodyItemRenderType": 0,
    "bodyItemCustomModelName": "Normal",
    "leggingsItemRenderType": 0,
    "leggingsItemCustomModelName": "Normal",
    "bootsItemRenderType": 0,
    "bootsItemCustomModelName": "Normal",
    "helmetImmuneToFire": true,
    "bodyImmuneToFire": true,
    "leggingsImmuneToFire": true,
    "bootsImmuneToFire": true,
    "maxDamage": 33,
    "damageValueHelmet": 10,
    "damageValueBody": 14,
    "damageValueLeggings": 15,
    "damageValueBoots": 12,
    "enchantability": 22,
    "toughness": 2.0,
    "knockbackResistance": 0.5,
    "equipSound": {
      "value": ""
    },
    "repairItems": [
      {
        "value": "CUSTOM:BismuthBronze"
      }
    ]
  }
}