{
  "_fv": 57,
  "_type": "tool",
  "definition": {
    "toolType": "Sword",
    "renderType": 0,
    "blockingRenderType": 0,
    "texture": "bismuthsword",
    "customModelName": "Normal",
    "blockingModelName": "Normal blocking",
    "name": "Bismuth Sword",
    "specialInformation": {
      "fixedValue": []
    },
    "creativeTab": {
      "value": "TOOLS"
    },
    "harvestLevel": 4,
    "efficiency": 12.0,
    "attackSpeed": 2.5,
    "enchantability": 22,
    "damageVsEntity": 10.0,
    "usageCount": 1000,
    "blocksAffected": [],
    "repairItems": [
      {
        "value": "CUSTOM:BismuthBronze"
      }
    ],
    "immuneToFire": true,
    "stayInGridWhenCrafting": false,
    "damageOnCrafting": false
  }
}