{
  "_fv": 57,
  "_type": "achievement",
  "definition": {
    "achievementName": "Bronze Age",
    "achievementDescription": "Craft Bismuth Bronze in a Smithing Table",
    "achievementIcon": {
      "value": "CUSTOM:BismuthBronze"
    },
    "background": "Default",
    "disableDisplay": false,
    "showPopup": true,
    "announceToChat": true,
    "hideIfNotCompleted": false,
    "rewardLoot": [],
    "rewardRecipes": [
      "BismuthBronzeRecipe",
      "PickAxeBismuth",
      "AxeBismuth",
      "ShovelBismuth",
      "SwordBismuth",
      "HoeBismuth",
      "ShearsBismuth",
      "BismuthChestRecipe",
      "BismuthBronzeLeggings",
      "BismuthBronzeHelmet",
      "BismuthBronzeBoots"
    ],
    "rewardFunction": "No function",
    "rewardXP": 100,
    "achievementType": "task",
    "parent": {
      "value": "No parent: root"
    },
    "triggerxml": "<xml xmlns=\"https://developers.google.com/blockly/xml\"><block type=\"item_in_inventory\" x=\"41\" y=\"21\"><value name=\"amount_l\"><block type=\"math_number\"><field name=\"NUM\">1</field></block></value><value name=\"amount_h\"><block type=\"math_number\"><field name=\"NUM\">1</field></block></value><value name=\"item\"><block type=\"mcitem_all\"><field name=\"value\">CUSTOM:BismuthBronze</field></block></value><next><block type=\"advancement_trigger\" deletable=\"false\"></block></next></block></xml>"
  }
}