{
  "type": "minecraft:ore",
  "config": {
    "size": 6,
    "discard_chance_on_air_exposure": 0,
    "targets": [
      {
        "target": {
          "predicate_type": "blockstate_match",
          "block_state": {
            "Name": "minecraft:deepslate",
            "Properties": {
              "axis": "y"
            }
          }
        },
        "state": {
          "Name": "bismuth:bismuth_deep_slate_ore"
        }
      },
      {
        "target": {
          "predicate_type": "blockstate_match",
          "block_state": {
            "Name": "minecraft:deepslate_tiles"
          }
        },
        "state": {
          "Name": "bismuth:bismuth_deep_slate_ore"
        }
      },
      {
        "target": {
          "predicate_type": "blockstate_match",
          "block_state": {
            "Name": "minecraft:cracked_deepslate_tiles"
          }
        },
        "state": {
          "Name": "bismuth:bismuth_deep_slate_ore"
        }
      }
    ]
  }
}